time_utc,Bx,By,Bz,Babs
2022-03-02T12:29:30.059812918Z,-1.361272,0.7781565,0.2355178,1.585578
2022-03-02T12:29:30.122313793Z,-1.368908,0.8003907,0.1931258,1.597445
2022-03-02T12:29:30.184814668Z,-1.352125,0.8189842,0.2269346,1.597021
2022-03-02T12:29:30.247315543Z,-1.341826,0.8098361,0.2653179,1.589567
2022-03-02T12:29:30.309816418Z,-1.352195,0.7948908,0.2816879,1.593622
2022-03-02T12:29:30.372317293Z,-1.366264,0.7682214,0.2460297,1.586623
2022-03-02T12:29:30.434818168Z,-1.36628,0.7749851,0.2114144,1.584935
2022-03-02T12:29:30.497319043Z,-1.383244,0.7653109,0.1968995,1.593058
2022-03-02T12:29:30.559819918Z,-1.402698,0.7710724,0.146184,1.607322
2022-03-02T12:29:30.622320793Z,-1.429997,0.7533185,0.1091082,1.619965
2022-03-02T12:29:30.684821668Z,-1.424803,0.7717088,0.1264488,1.625296
2022-03-02T12:29:30.747322543Z,-1.421678,0.7838865,0.1489743,1.630289
2022-03-02T12:29:30.809823418Z,-1.390124,0.7775157,0.214482,1.607165
2022-03-02T12:29:30.872324293Z,-1.382585,0.7591631,0.2390424,1.595309
2022-03-02T12:29:30.934825168Z,-1.383556,0.7328267,0.2037433,1.578852
2022-03-02T12:29:30.997326043Z,-1.376178,0.7343653,0.08838761,1.56236
2022-03-02T12:29:31.059826918Z,-1.381292,0.7609101,0.001630999,1.577008
2022-03-02T12:29:31.122327793Z,-1.367905,0.8273322,-0.03601413,1.599043
2022-03-02T12:29:31.184828668Z,-1.327165,0.8948103,-0.05283831,1.601513
2022-03-02T12:29:31.247329543Z,-1.31609,0.936278,0.009409832,1.615177
2022-03-02T12:29:31.309830418Z,-1.327909,0.9388496,0.08711306,1.62861
2022-03-02T12:29:31.372331293Z,-1.318561,0.9391935,0.09745692,1.621784
2022-03-02T12:29:31.434832168Z,-1.343684,0.8997961,0.165015,1.62553
2022-03-02T12:29:31.497333043Z,-1.358289,0.8412601,0.2161061,1.612257
2022-03-02T12:29:31.559833918Z,-1.384077,0.7810086,0.2204556,1.604445
2022-03-02T12:29:31.622334793Z,-1.372756,0.7060177,0.1738914,1.553435
2022-03-02T12:29:31.684835668Z,-1.367874,0.7446756,0.1148209,1.561667
2022-03-02T12:29:31.747336543Z,-1.356191,0.768906,0.02638695,1.55922
2022-03-02T12:29:31.809837418Z,-1.355914,0.7824453,-0.060435,1.566645
2022-03-02T12:29:31.872338293Z,-1.35894,0.7951595,-0.07871452,1.57645
2022-03-02T12:29:31.934839168Z,-1.371845,0.8237683,-0.09764118,1.603149
2022-03-02T12:29:31.997340043Z,-1.402519,0.822262,-0.1055282,1.629205
2022-03-02T12:29:32.059840918Z,-1.408264,0.8453127,-0.09658009,1.645323
2022-03-02T12:29:32.122341793Z,-1.405382,0.881766,-0.08506505,1.661278
2022-03-02T12:29:32.184842668Z,-1.428606,0.8676509,-0.1042717,1.674696
2022-03-02T12:29:32.247343543Z,-1.45112,0.8598905,-0.1305883,1.691808
2022-03-02T12:29:32.309844418Z,-1.447158,0.8624277,-0.1319805,1.689813
2022-03-02T12:29:32.372345293Z,-1.422675,0.8982388,-0.1374433,1.688114
2022-03-02T12:29:32.434846168Z,-1.435494,0.9046164,-0.1260319,1.701428
2022-03-02T12:29:32.497347043Z,-1.449122,0.8949181,-0.09137892,1.705633
2022-03-02T12:29:32.559847918Z,-1.453809,0.8794821,-0.05507325,1.700024
2022-03-02T12:29:32.622348793Z,-1.483137,0.8368459,-0.03870507,1.703381
2022-03-02T12:29:32.684849668Z,-1.505643,0.8231481,-0.06097556,1.717048
2022-03-02T12:29:32.747350543Z,-1.508082,0.7521409,-0.06274754,1.686406
2022-03-02T12:29:32.809851418Z,-1.499602,0.7275488,-0.1144455,1.670698
2022-03-02T12:29:32.872352293Z,-1.510528,0.719782,-0.1523211,1.680173
2022-03-02T12:29:32.934853168Z,-1.518598,0.7101451,-0.192318,1.687434
2022-03-02T12:29:32.997354043Z,-1.529223,0.7244316,-0.2373161,1.708697
2022-03-02T12:29:33.059854918Z,-1.527577,0.7219318,-0.2576227,1.709107
2022-03-02T12:29:33.122355793Z,-1.544936,0.7355782,-0.2731669,1.732779
2022-03-02T12:29:33.184856668Z,-1.582799,0.7226499,-0.2717004,1.76105
2022-03-02T12:29:33.247357543Z,-1.576197,0.7352864,-0.2761491,1.761052
2022-03-02T12:29:33.309858418Z,-1.597025,0.7189741,-0.2643148,1.771235
2022-03-02T12:29:33.372359293Z,-1.636721,0.6990633,-0.2406546,1.795956
2022-03-02T12:29:33.434860168Z,-1.635897,0.6678444,-0.2437505,1.783701
2022-03-02T12:29:33.497361043Z,-1.660379,0.6604659,-0.2619621,1.806017
2022-03-02T12:29:33.559861918Z,-1.66348,0.64066,-0.2749791,1.80367
2022-03-02T12:29:33.622362793Z,-1.665217,0.6200983,-0.2679443,1.797015
2022-03-02T12:29:33.684863668Z,-1.671425,0.6069593,-0.2868783,1.801211
2022-03-02T12:29:33.747364543Z,-1.676766,0.6151289,-0.2938027,1.810041
2022-03-02T12:29:33.809865418Z,-1.688677,0.5853662,-0.3134961,1.814542
2022-03-02T12:29:33.872366293Z,-1.687088,0.5910403,-0.308615,1.814066
2022-03-02T12:29:33.934867168Z,-1.682701,0.5992486,-0.3480635,1.819816
2022-03-02T12:29:33.997368043Z,-1.681761,0.58022,-0.3582092,1.814742
2022-03-02T12:29:34.059868918Z,-1.685695,0.5931219,-0.3611219,1.823121
2022-03-02T12:29:34.122369793Z,-1.685168,0.5669017,-0.3752674,1.817139
2022-03-02T12:29:34.184870668Z,-1.667259,0.567343,-0.3860519,1.802961
2022-03-02T12:29:34.247371543Z,-1.656335,0.5540954,-0.3965655,1.791014
2022-03-02T12:29:34.309872418Z,-1.656767,0.5498869,-0.3955683,1.789896
2022-03-02T12:29:34.372373293Z,-1.644951,0.5486452,-0.3950317,1.778461
2022-03-02T12:29:34.434874168Z,-1.679056,0.5310495,-0.3927471,1.804299
2022-03-02T12:29:34.497375043Z,-1.65974,0.5525689,-0.4075205,1.796147
2022-03-02T12:29:34.559875918Z,-1.669012,0.5312905,-0.4001591,1.796663
2022-03-02T12:29:34.622376793Z,-1.683816,0.5376744,-0.3985545,1.811954
2022-03-02T12:29:34.684877668Z,-1.6975,0.5230212,-0.4000537,1.820742
2022-03-02T12:29:34.747378543Z,-1.699406,0.4934916,-0.4110912,1.81673
2022-03-02T12:29:34.809879418Z,-1.70585,0.4726111,-0.4148986,1.818083
2022-03-02T12:29:34.872380293Z,-1.710644,0.4667298,-0.4086677,1.819656
2022-03-02T12:29:34.934881168Z,-1.702303,0.430448,-0.4050513,1.801996
2022-03-02T12:29:34.997382043Z,-1.72976,0.4206926,-0.391942,1.822819
2022-03-02T12:29:35.059882918Z,-1.705881,0.4138406,-0.4068966,1.801905
2022-03-02T12:29:35.122383793Z,-1.720946,0.4024752,-0.4415008,1.821693
2022-03-02T12:29:35.184884668Z,-1.736136,0.417318,-0.4679327,1.845883
2022-03-02T12:29:35.247385543Z,-1.738006,0.4171477,-0.4748224,1.849361
2022-03-02T12:29:35.309886418Z,-1.745462,0.4182688,-0.494553,1.861765
2022-03-02T12:29:35.372387293Z,-1.743997,0.4403133,-0.5366104,1.877059
2022-03-02T12:29:35.434888168Z,-1.749003,0.4027808,-0.5465797,1.876165
2022-03-02T12:29:35.497389043Z,-1.750744,0.3980761,-0.5534698,1.878802
2022-03-02T12:29:35.559889918Z,-1.750752,0.4089684,-0.5552945,1.881685
2022-03-02T12:29:35.622390793Z,-1.750887,0.3946867,-0.5562594,1.879045
2022-03-02T12:29:35.684891668Z,-1.754091,0.3823309,-0.5691565,1.883335
2022-03-02T12:29:35.747392543Z,-1.791845,0.3870341,-0.5524777,1.914611
2022-03-02T12:29:35.809893418Z,-1.7828,0.3980799,-0.5515834,1.908163
2022-03-02T12:29:35.872394293Z,-1.783918,0.4016377,-0.5593937,1.912224
2022-03-02T12:29:35.934895168Z,-1.769264,0.4018926,-0.5416816,1.893471
2022-03-02T12:29:35.997396043Z,-1.77823,0.3961391,-0.5613126,1.906332
2022-03-02T12:29:36.059896918Z,-1.776916,0.4069033,-0.5731478,1.91089
2022-03-02T12:29:36.122397793Z,-1.769925,0.3888558,-0.5703553,1.899776
2022-03-02T12:29:36.184898668Z,-1.759692,0.3865209,-0.5926796,1.896624
2022-03-02T12:29:36.247399543Z,-1.766496,0.3528993,-0.5915124,1.896031
2022-03-02T12:29:36.309900418Z,-1.763621,0.3307434,-0.6046895,1.893515
2022-03-02T12:29:36.372401293Z,-1.77274,0.3077826,-0.58726,1.892673
2022-03-02T12:29:36.434902168Z,-1.793125,0.2926582,-0.5622852,1.90187
2022-03-02T12:29:36.497403043Z,-1.810023,0.2864545,-0.5403656,1.910558
2022-03-02T12:29:36.559903918Z,-1.809643,0.2533559,-0.5284315,1.902166
2022-03-02T12:29:36.622404793Z,-1.824515,0.2398414,-0.5227438,1.913019
2022-03-02T12:29:36.684905668Z,-1.828976,0.2192372,-0.5155216,1.912846
2022-03-02T12:29:36.747406543Z,-1.840913,0.2168446,-0.5188654,1.924891
2022-03-02T12:29:36.809907418Z,-1.857246,0.1992037,-0.4920421,1.931619
2022-03-02T12:29:36.872408293Z,-1.8648,0.186097,-0.4825962,1.935203
2022-03-02T12:29:36.934909168Z,-1.871102,0.1754595,-0.5013149,1.945026
2022-03-02T12:29:36.997410043Z,-1.867211,0.1783708,-0.5092086,1.943601
2022-03-02T12:29:37.059910918Z,-1.866011,0.1481889,-0.5083462,1.939684
2022-03-02T12:29:37.122411793Z,-1.873612,0.1563682,-0.5187256,1.950372
2022-03-02T12:29:37.184912668Z,-1.865405,0.1409154,-0.5270047,1.943535
2022-03-02T12:29:37.247413543Z,-1.847318,0.1465,-0.5514928,1.93344
2022-03-02T12:29:37.309914418Z,-1.83343,0.1688021,-0.5504539,1.921707
2022-03-02T12:29:37.372415293Z,-1.818233,0.188308,-0.5444652,1.907321
2022-03-02T12:29:37.434916168Z,-1.820648,0.2032748,-0.5317847,1.907584
2022-03-02T12:29:37.497417043Z,-1.809664,0.2310558,-0.540569,1.902757
2022-03-02T12:29:37.559917918Z,-1.807526,0.2420138,-0.562285,1.908373
2022-03-02T12:29:37.622418793Z,-1.794124,0.2468157,-0.5734792,1.899652
2022-03-02T12:29:37.684919668Z,-1.801916,0.2683609,-0.5624456,1.906636
2022-03-02T12:29:37.747420543Z,-1.796205,0.2632032,-0.5473135,1.896096
2022-03-02T12:29:37.809921418Z,-1.805447,0.2533453,-0.5245923,1.897109
2022-03-02T12:29:37.872422293Z,-1.828115,0.2610728,-0.5201475,1.918519
2022-03-02T12:29:37.934923168Z,-1.841212,0.260689,-0.5192245,1.930703
2022-03-02T12:29:37.997424043Z,-1.846772,0.2433195,-0.5349554,1.938027
2022-03-02T12:29:38.059924918Z,-1.851852,0.2330746,-0.5395343,1.942878
2022-03-02T12:29:38.122425793Z,-1.840273,0.1845323,-0.5454159,1.928246
2022-03-02T12:29:38.184926668Z,-1.854841,0.1270151,-0.5161572,1.929504
2022-03-02T12:29:38.247427543Z,-1.85831,0.09003415,-0.502133,1.92706
2022-03-02T12:29:38.309928418Z,-1.881354,0.04555406,-0.4984557,1.946799
2022-03-02T12:29:38.372429293Z,-1.901728,0.003585547,-0.4858014,1.962801
2022-03-02T12:29:38.434930168Z,-1.896706,-0.02875564,-0.4660426,1.953334
2022-03-02T12:29:38.497431042Z,-1.923297,-0.07726116,-0.4552375,1.977949
2022-03-02T12:29:38.559931917Z,-1.919472,-0.1028588,-0.4473866,1.973603
2022-03-02T12:29:38.622432792Z,-1.927301,-0.1367604,-0.3848647,1.970105
2022-03-02T12:29:38.684933667Z,-1.940245,-0.1738177,-0.3825053,1.985214
2022-03-02T12:29:38.747434542Z,-1.927781,-0.1720345,-0.3594865,1.968544
2022-03-02T12:29:38.809935417Z,-1.950711,-0.2171718,-0.319609,1.988614
2022-03-02T12:29:38.872436292Z,-1.9666,-0.2298215,-0.2694179,1.998229
2022-03-02T12:29:38.934937167Z,-1.982925,-0.2055632,-0.2758688,2.012548
2022-03-02T12:29:38.997438042Z,-2.005362,-0.1909231,-0.2449843,2.029272
2022-03-02T12:29:39.059938917Z,-2.024745,-0.2035253,-0.2277782,2.047657
2022-03-02T12:29:39.122439792Z,-2.025789,-0.2081237,-0.1921493,2.045497
2022-03-02T12:29:39.184940667Z,-1.998685,-0.1948869,-0.1303378,2.012389
2022-03-02T12:29:39.247441542Z,-2.005027,-0.1787803,-0.09810499,2.015371
2022-03-02T12:29:39.309942417Z,-1.997256,-0.1808505,-0.08495264,2.007226
2022-03-02T12:29:39.372443292Z,-1.960887,-0.1813144,-0.04997826,1.969886
2022-03-02T12:29:39.434944167Z,-1.940978,-0.176842,0.01099272,1.949049
2022-03-02T12:29:39.497445042Z,-1.90387,-0.1881678,0.06984854,1.914421
2022-03-02T12:29:39.559945917Z,-1.893955,-0.1747824,0.1455276,1.907562
2022-03-02T12:29:39.622446792Z,-1.857119,-0.1420506,0.2253081,1.876122
2022-03-02T12:29:39.684947667Z,-1.852916,-0.1505606,0.2686666,1.878336
2022-03-02T12:29:39.747448542Z,-1.830711,-0.1417178,0.283316,1.857917
2022-03-02T12:29:39.809949417Z,-1.840801,-0.1351507,0.2994859,1.869895
2022-03-02T12:29:39.872450292Z,-1.843933,-0.1197463,0.3205192,1.875409
2022-03-02T12:29:39.934951167Z,-1.863076,-0.05206427,0.3101341,1.88943
2022-03-02T12:29:39.997452042Z,-1.850119,0.001504361,0.2948954,1.873474
2022-03-02T12:29:40.059952917Z,-1.824825,0.06261527,0.3143894,1.852767
2022-03-02T12:29:40.122453792Z,-1.813174,0.08732744,0.3378921,1.846455
2022-03-02T12:29:40.184954667Z,-1.804805,0.1058785,0.3684802,1.845077
2022-03-02T12:29:40.247455542Z,-1.810332,0.1189976,0.3714978,1.851884
2022-03-02T12:29:40.309956417Z,-1.835814,0.1511014,0.331628,1.871636
2022-03-02T12:29:40.372457292Z,-1.823351,0.201364,0.30728,1.859994
2022-03-02T12:29:40.434958167Z,-1.830784,0.2395185,0.3018218,1.870892
2022-03-02T12:29:40.497459042Z,-1.841477,0.2974107,0.3059601,1.890265
2022-03-02T12:29:40.559959917Z,-1.8125,0.3242961,0.3044432,1.866283
2022-03-02T12:29:40.622460792Z,-1.790895,0.3571621,0.2802659,1.847544
2022-03-02T12:29:40.684961667Z,-1.798185,0.3626121,0.2802059,1.85566
2022-03-02T12:29:40.747462542Z,-1.77732,0.3901908,0.2519198,1.837003
2022-03-02T12:29:40.809963417Z,-1.758999,0.4264695,0.2339753,1.82502
2022-03-02T12:29:40.872464292Z,-1.76061,0.468427,0.2141608,1.834403
2022-03-02T12:29:40.934965167Z,-1.743021,0.5426872,0.251265,1.84276
2022-03-02T12:29:40.997466042Z,-1.732582,0.6178513,0.3310053,1.868996
2022-03-02T12:29:41.059966917Z,-1.751027,0.6417172,0.358008,1.898965
2022-03-02T12:29:41.122467792Z,-1.748891,0.6668662,0.3316045,1.900866
2022-03-02T12:29:41.184968667Z,-1.809059,0.6346866,0.3004768,1.940569
2022-03-02T12:29:41.247469542Z,-1.822678,0.5792689,0.3277824,1.940399
2022-03-02T12:29:41.309970417Z,-1.82874,0.5892808,0.3488383,1.95275
2022-03-02T12:29:41.372471292Z,-1.857922,0.5896708,0.3639461,1.982938
2022-03-02T12:29:41.434972167Z,-1.876467,0.5484904,0.380738,1.991715
2022-03-02T12:29:41.497473042Z,-1.89169,0.5461811,0.3879959,2.006824
2022-03-02T12:29:41.559973917Z,-1.92197,0.4850192,0.385984,2.019454
2022-03-02T12:29:41.622474792Z,-1.944064,0.4930561,0.3636384,2.038314
2022-03-02T12:29:41.684975667Z,-1.927315,0.5003745,0.4024858,2.03148
2022-03-02T12:29:41.747476542Z,-1.906896,0.4813027,0.4647946,2.020876
2022-03-02T12:29:41.809977417Z,-1.900522,0.4748999,0.4707565,2.014727
2022-03-02T12:29:41.872478292Z,-1.912354,0.4285298,0.5726482,2.04173
2022-03-02T12:29:41.934979167Z,-1.855393,0.4444017,0.675712,2.023997
2022-03-02T12:29:41.997480042Z,-1.796184,0.4754022,0.7054129,1.987433
2022-03-02T12:29:42.059980917Z,-1.787164,0.4854327,0.709437,1.983154
2022-03-02T12:29:42.122481792Z,-1.764318,0.5142223,0.690824,1.963283
2022-03-02T12:29:42.184982667Z,-1.805192,0.5444822,0.6859799,2.006427
2022-03-02T12:29:42.247483542Z,-1.807855,0.5527006,0.7308689,2.026817
2022-03-02T12:29:42.309984417Z,-1.794347,0.6029834,0.7432905,2.033654
2022-03-02T12:29:42.372485292Z,-1.755555,0.6585394,0.7311357,2.012512
2022-03-02T12:29:42.434986167Z,-1.707159,0.7026791,0.6920219,1.971559
2022-03-02T12:29:42.497487042Z,-1.72997,0.7023707,0.6644247,1.981813
2022-03-02T12:29:42.559987917Z,-1.761275,0.6776502,0.625877,1.988221
2022-03-02T12:29:42.622488792Z,-1.761316,0.6599923,0.6278544,1.982934
2022-03-02T12:29:42.684989667Z,-1.713671,0.6612042,0.644376,1.946556
2022-03-02T12:29:42.747490542Z,-1.69893,0.7055662,0.6695423,1.95767
2022-03-02T12:29:42.809991417Z,-1.681614,0.680362,0.7236665,1.953052
2022-03-02T12:29:42.872492292Z,-1.642229,0.6677518,0.69814,1.90531
2022-03-02T12:29:42.934993167Z,-1.640472,0.793186,0.6899869,1.948429
2022-03-02T12:29:42.997494042Z,-1.644999,0.8709604,0.7015943,1.989178
2022-03-02T12:29:43.059994917Z,-1.639872,0.9010351,0.6816996,1.991422
2022-03-02T12:29:43.122495792Z,-1.659551,0.8983481,0.6507572,1.996152
2022-03-02T12:29:43.184996667Z,-1.706895,0.8910997,0.6103727,2.019927
2022-03-02T12:29:43.247497542Z,-1.671086,0.8604345,0.5504771,1.958546
2022-03-02T12:29:43.309998417Z,-1.700755,0.8240544,0.5609544,1.971371
2022-03-02T12:29:43.372499292Z,-1.758971,0.8444288,0.527664,2.021255
2022-03-02T12:29:43.435000167Z,-1.68513,0.7348988,0.4472649,1.892033
2022-03-02T12:29:43.497501042Z,-1.572761,0.6411846,0.3818052,1.740824
2022-03-02T12:29:43.560001917Z,-1.446215,0.6262271,0.3949641,1.624714
2022-03-02T12:29:43.622502792Z,-1.349803,0.6187832,0.4382392,1.548197
2022-03-02T12:29:43.685003667Z,-1.274868,0.6738047,0.4765393,1.518681
2022-03-02T12:29:43.747504542Z,-1.209176,0.7839201,0.5552766,1.544334
2022-03-02T12:29:43.810005417Z,-1.186559,0.9093122,0.6529222,1.631281
2022-03-02T12:29:43.872506292Z,-1.215258,1.018683,0.749509,1.753947
2022-03-02T12:29:43.935007167Z,-1.260908,1.139661,0.7455809,1.855965
2022-03-02T12:29:43.997508042Z,-1.308543,1.258837,0.7356622,1.959121
2022-03-02T12:29:44.060008917Z,-1.348636,1.32334,0.7558264,2.035023
2022-03-02T12:29:44.122509792Z,-1.382761,1.356419,0.7208984,2.066784
2022-03-02T12:29:44.185010667Z,-1.441434,1.342535,0.6578339,2.076747
2022-03-02T12:29:44.247511542Z,-1.495534,1.314107,0.6044068,2.080579
2022-03-02T12:29:44.310012417Z,-1.577964,1.219777,0.584358,2.078292
2022-03-02T12:29:44.372513292Z,-1.707109,1.146999,0.5514278,2.129296
2022-03-02T12:29:44.435014167Z,-1.756766,1.139597,0.483894,2.1492
2022-03-02T12:29:44.497515042Z,-1.718166,1.156541,0.4461879,2.118671
2022-03-02T12:29:44.560015917Z,-1.668575,1.075247,0.4300497,2.031069
2022-03-02T12:29:44.622516792Z,-1.62426,0.9067819,0.440712,1.911727
2022-03-02T12:29:44.685017667Z,-1.618643,0.7831551,0.5136728,1.870079
2022-03-02T12:29:44.747518542Z,-1.598671,0.743687,0.5723488,1.853754
2022-03-02T12:29:44.810019417Z,-1.560287,0.7800404,0.612323,1.848755
2022-03-02T12:29:44.872520292Z,-1.470699,0.7917779,0.6800111,1.803408
2022-03-02T12:29:44.935021167Z,-1.47135,0.7997025,0.7343026,1.82855
2022-03-02T12:29:44.997522042Z,-1.558018,0.8295358,0.7660575,1.924161
2022-03-02T12:29:45.060022917Z,-1.64316,0.8181662,0.7954068,2.00051
2022-03-02T12:29:45.122523792Z,-1.64573,0.7172518,0.8118473,1.970272
2022-03-02T12:29:45.185024667Z,-1.591681,0.6420102,0.8178155,1.90117
2022-03-02T12:29:45.247525542Z,-1.614048,0.6180831,0.8944376,1.946072
2022-03-02T12:29:45.310026417Z,-1.762119,0.6145098,1.043652,2.138199
2022-03-02T12:29:45.372527292Z,-1.820443,0.6460156,1.131934,2.238889
2022-03-02T12:29:45.435028167Z,-1.777746,0.6588167,1.137124,2.210763
2022-03-02T12:29:45.497529042Z,-1.65968,0.5932203,1.108912,2.082339
2022-03-02T12:29:45.560029917Z,-1.528491,0.5483009,1.065891,1.942432
2022-03-02T12:29:45.622530792Z,-1.491725,0.4959727,1.026891,1.877695
2022-03-02T12:29:45.685031667Z,-1.545985,0.5133638,1.108762,1.970524
2022-03-02T12:29:45.747532542Z,-1.627941,0.4513667,1.194095,2.068764
2022-03-02T12:29:45.810033417Z,-1.667862,0.3735351,1.242482,2.113068
2022-03-02T12:29:45.872534292Z,-1.695857,0.3046714,1.256949,2.132763
2022-03-02T12:29:45.935035167Z,-1.628307,0.1291717,1.25798,2.061694
2022-03-02T12:29:45.997536042Z,-1.620754,0.1015604,1.34687,2.109791
2022-03-02T12:29:46.060036917Z,-1.689842,0.01984464,1.394211,2.190841
2022-03-02T12:29:46.122537792Z,-1.693062,-0.1622208,1.324433,2.155667
2022-03-02T12:29:46.185038667Z,-1.682825,-0.2181441,1.334654,2.158886
2022-03-02T12:29:46.247539542Z,-1.675349,-0.2518946,1.33907,2.15948
2022-03-02T12:29:46.310040417Z,-1.530407,-0.4307514,1.226875,2.008211
2022-03-02T12:29:46.372541292Z,-1.40851,-0.4845752,1.202957,1.914633
2022-03-02T12:29:46.435042167Z,-1.33066,-0.4435395,1.256435,1.883086
2022-03-02T12:29:46.497543042Z,-1.220363,-0.4516096,1.27561,1.822201
2022-03-02T12:29:46.560043917Z,-1.102636,-0.4456943,1.218857,1.702957
2022-03-02T12:29:46.622544792Z,-1.063101,-0.3944472,1.239514,1.679931
2022-03-02T12:29:46.685045667Z,-1.053345,-0.3192685,1.327438,1.724401
2022-03-02T12:29:46.747546542Z,-0.9956372,-0.210013,1.348904,1.689657
2022-03-02T12:29:46.810047417Z,-0.9366614,-0.006090412,1.324916,1.622583
2022-03-02T12:29:46.872548292Z,-0.954919,0.311933,1.371006,1.699656
2022-03-02T12:29:46.935049167Z,-1.090022,0.7105616,1.498618,1.984666
2022-03-02T12:29:46.997550042Z,-1.279531,0.9280921,1.565182,2.224488
2022-03-02T12:29:47.060050917Z,-1.390479,0.8588511,1.516402,2.229469
2022-03-02T12:29:47.122551792Z,-1.440562,0.6299294,1.348368,2.071262
2022-03-02T12:29:47.185052667Z,-1.423322,0.5615424,1.165915,1.923677
2022-03-02T12:29:47.247553542Z,-1.381513,0.6214905,0.9314088,1.7783
2022-03-02T12:29:47.310054417Z,-1.434391,0.6107157,0.8729341,1.786747
2022-03-02T12:29:47.372555292Z,-1.414931,0.6557571,0.8199443,1.761918
2022-03-02T12:29:47.435056167Z,-1.279778,0.7410161,0.6551101,1.617438
2022-03-02T12:29:47.497557042Z,-1.109448,0.9190611,0.551283,1.54255
2022-03-02T12:29:47.560057917Z,-0.9593381,1.209442,0.4674537,1.612945
2022-03-02T12:29:47.622558792Z,-0.8099746,1.5945,0.4235598,1.837904
2022-03-02T12:29:47.685059667Z,-0.6929351,2.045026,0.5060858,2.217749
2022-03-02T12:29:47.747560542Z,-0.6863511,2.597798,0.6692337,2.769027
2022-03-02T12:29:47.810061417Z,-0.784313,3.095998,0.8950123,3.316835
2022-03-02T12:29:47.872562292Z,-0.9475984,3.54847,1.121644,3.84027
2022-03-02T12:29:47.935063167Z,-1.164186,3.893981,1.501609,4.33281
2022-03-02T12:29:47.997564042Z,-1.250487,3.982526,1.819392,4.553506
2022-03-02T12:29:48.060064917Z,-1.195211,3.893061,1.95746,4.518418
2022-03-02T12:29:48.122565792Z,-1.169063,3.735699,2.04429,4.416025
2022-03-02T12:29:48.185066667Z,-1.025654,3.582664,1.955234,4.208371
2022-03-02T12:29:48.247567542Z,-1.003336,3.523102,1.905128,4.128976
2022-03-02T12:29:48.310068417Z,-1.117807,3.556502,1.998408,4.229874
2022-03-02T12:29:48.372569292Z,-1.006209,3.530704,1.852416,4.112149
2022-03-02T12:29:48.435070167Z,-0.8400376,3.766607,1.819651,4.266629
2022-03-02T12:29:48.497571042Z,-0.8342031,4.153304,1.82853,4.614038
2022-03-02T12:29:48.560071917Z,-0.9567098,4.484745,1.930533,4.975459
2022-03-02T12:29:48.622572792Z,-1.263129,4.637999,2.02887,5.217551
2022-03-02T12:29:48.685073667Z,-1.515544,4.653395,2.075477,5.315878
2022-03-02T12:29:48.747574542Z,-1.62967,4.657465,2.023648,5.333193
2022-03-02T12:29:48.810075417Z,-1.944876,5.020483,1.967871,5.732392
2022-03-02T12:29:48.872576292Z,-2.337937,5.199204,1.964703,6.029737
2022-03-02T12:29:48.935077167Z,-2.591683,5.331575,1.762659,6.184617
2022-03-02T12:29:48.997578042Z,-2.898213,5.364028,1.517803,6.283006
2022-03-02T12:29:49.060078917Z,-3.117529,5.421614,1.213481,6.370668
2022-03-02T12:29:49.122579792Z,-3.206706,5.443913,1.266289,6.443807
2022-03-02T12:29:49.185080667Z,-3.365517,5.557673,1.228729,6.612428
2022-03-02T12:29:49.247581542Z,-3.711686,5.409914,1.234327,6.675878
2022-03-02T12:29:49.310082417Z,-3.83322,5.368522,1.246928,6.713377
2022-03-02T12:29:49.372583292Z,-4.049632,5.241669,1.087182,6.71242
2022-03-02T12:29:49.435084167Z,-4.224549,5.048471,0.8521563,6.637774
2022-03-02T12:29:49.497585042Z,-4.469728,4.55855,0.6018425,6.412571
2022-03-02T12:29:49.560085917Z,-4.465397,3.650816,0.390391,5.781058
2022-03-02T12:29:49.622586792Z,-4.321,2.733611,0.3134969,5.12269
2022-03-02T12:29:49.685087667Z,-4.313681,2.110601,0.3676615,4.816394
2022-03-02T12:29:49.747588542Z,-4.325799,1.838375,0.6466969,4.74451
2022-03-02T12:29:49.810089417Z,-4.393415,1.793203,1.127175,4.877315
2022-03-02T12:29:49.872590292Z,-4.611104,1.763623,1.792374,5.252166
2022-03-02T12:29:49.935091167Z,-4.671694,1.33999,2.156454,5.317009
2022-03-02T12:29:49.997592042Z,-4.581931,0.7526019,2.608494,5.325856
2022-03-02T12:29:50.060092917Z,-4.482756,0.3755231,3.182273,5.510262
2022-03-02T12:29:50.122593792Z,-3.770489,0.2787113,3.60798,5.226068
2022-03-02T12:29:50.185094667Z,-3.219964,0.6553114,4.169549,5.308742
2022-03-02T12:29:50.247595542Z,-3.110502,1.619732,4.978724,6.089864
2022-03-02T12:29:50.310096417Z,-2.560084,1.96224,5.743155,6.586976
2022-03-02T12:29:50.372597292Z,-1.86274,2.14741,6.262292,6.877316
2022-03-02T12:29:50.435098167Z,-1.118528,2.924591,6.367784,7.095985
2022-03-02T12:29:50.497599042Z,-0.5930198,4.099638,6.41326,7.634697
2022-03-02T12:29:50.560099917Z,-0.3274339,5.022092,6.719158,8.394981
2022-03-02T12:29:50.622600792Z,0.01617299,5.595883,7.228129,9.141117
2022-03-02T12:29:50.685101667Z,0.1036161,5.821557,7.583403,9.560819
2022-03-02T12:29:50.747602542Z,0.1418924,6.144293,8.028954,10.11121
2022-03-02T12:29:50.810103417Z,0.2875459,6.974276,8.387329,10.91194
2022-03-02T12:29:50.872604292Z,0.5557635,7.381028,7.556318,10.57764
2022-03-02T12:29:50.935105167Z,1.133327,9.08822,6.251111,11.08858
2022-03-02T12:29:50.997606042Z,1.478382,11.14235,5.445884,12.4898
2022-03-02T12:29:51.060106917Z,1.410271,12.26932,5.059292,13.34622
2022-03-02T12:29:51.122607792Z,1.494585,13.40727,4.720961,14.29252
2022-03-02T12:29:51.185108667Z,1.694878,14.4691,5.113096,15.43927
2022-03-02T12:29:51.247609542Z,1.799599,15.03537,5.268947,16.03318
2022-03-02T12:29:51.310110417Z,1.931815,15.71489,4.721112,16.52206
2022-03-02T12:29:51.372611292Z,1.912723,16.43099,4.075707,17.03665
2022-03-02T12:29:51.435112167Z,1.744143,16.34194,3.775327,16.8628
2022-03-02T12:29:51.497613042Z,1.471891,15.44397,5.532989,16.47108
2022-03-02T12:29:51.560113917Z,1.46041,15.62783,7.063751,17.21216
2022-03-02T12:29:51.622614792Z,0.9504091,16.475,8.111315,18.3881
2022-03-02T12:29:51.685115667Z,0.7442096,17.41504,7.894872,19.13547
2022-03-02T12:29:51.747616542Z,0.8973817,18.30295,7.029448,19.62693
2022-03-02T12:29:51.810117417Z,0.4754329,19.19469,5.913425,20.09056
2022-03-02T12:29:51.872618292Z,0.08617768,20.03416,5.083962,20.66934
2022-03-02T12:29:51.935119167Z,0.2014296,20.43649,4.456042,20.91763
2022-03-02T12:29:51.997620042Z,0.3312996,20.45757,4.368673,20.92145
2022-03-02T12:29:52.060120917Z,0.5895981,20.35324,4.855643,20.93273
2022-03-02T12:29:52.122621792Z,0.8205447,20.48186,5.608234,21.25164
2022-03-02T12:29:52.185122667Z,0.5728502,21.03621,5.414408,21.72939
2022-03-02T12:29:52.247623542Z,0.2619033,21.37098,5.058583,21.96307
2022-03-02T12:29:52.310124417Z,0.2253475,21.68002,4.414754,22.1261
2022-03-02T12:29:52.372625292Z,0.4474603,21.98512,4.078855,22.36476
2022-03-02T12:29:52.435126167Z,0.5776048,21.85668,3.84343,22.19955
2022-03-02T12:29:52.497627042Z,0.4606551,21.80248,3.388976,22.0691
2022-03-02T12:29:52.560127917Z,0.1679304,22.05836,2.886446,22.24705
2022-03-02T12:29:52.622628792Z,-0.2253162,22.13543,2.248075,22.25044
2022-03-02T12:29:52.685129667Z,-0.4244764,22.45642,1.856148,22.53699
2022-03-02T12:29:52.747630542Z,-0.5558172,22.39145,1.541222,22.45131
2022-03-02T12:29:52.810131417Z,-0.6778028,22.44873,0.7068051,22.47008
2022-03-02T12:29:52.872632292Z,-0.7875872,22.48167,0.4882932,22.50076
2022-03-02T12:29:52.935133167Z,-0.8856657,22.25362,0.177565,22.27194
2022-03-02T12:29:52.997634042Z,-1.088271,22.2591,-0.3145056,22.28791
2022-03-02T12:29:53.060134917Z,-1.178601,22.2801,-0.7779598,22.32481
2022-03-02T12:29:53.122635792Z,-1.355524,22.55401,-1.447474,22.64102
2022-03-02T12:29:53.185136667Z,-1.514047,22.84702,-1.923597,22.97779
2022-03-02T12:29:53.247637542Z,-1.6729,22.91808,-2.543953,23.11944
2022-03-02T12:29:53.310138417Z,-1.853383,23.0301,-3.222749,23.32824
2022-03-02T12:29:53.372639292Z,-2.101374,23.01781,-4.111757,23.47641
2022-03-02T12:29:53.435140167Z,-2.361301,22.92445,-5.085657,23.60021
2022-03-02T12:29:53.497641042Z,-2.545496,22.74145,-5.856433,23.62099
2022-03-02T12:29:53.560141917Z,-2.775886,22.50039,-6.745044,23.65309
2022-03-02T12:29:53.622642792Z,-3.001557,22.06131,-7.808798,23.59424
2022-03-02T12:29:53.685143667Z,-3.242324,21.38812,-9.102342,23.46949
2022-03-02T12:29:53.747644542Z,-3.451494,20.92046,-10.31997,23.58135
2022-03-02T12:29:53.810145417Z,-3.678498,20.47281,-11.43054,23.73446
2022-03-02T12:29:53.872646292Z,-3.855457,19.82012,-12.37149,23.68027
2022-03-02T12:29:53.935147167Z,-3.964568,18.95078,-13.20499,23.43547
2022-03-02T12:29:53.997648042Z,-4.071759,17.98316,-14.03102,23.16987
2022-03-02T12:29:54.060148917Z,-4.171593,16.73784,-14.76872,22.70842
2022-03-02T12:29:54.122649792Z,-4.263472,15.46251,-15.42995,22.25646
2022-03-02T12:29:54.185150667Z,-4.373095,13.93222,-16.07753,21.71906
2022-03-02T12:29:54.247651542Z,-4.431323,12.53093,-16.84112,21.45423
2022-03-02T12:29:54.310152417Z,-4.453415,11.3121,-17.55908,21.35691
2022-03-02T12:29:54.372653292Z,-4.535567,10.05111,-18.36793,21.42375
2022-03-02T12:29:54.435154167Z,-4.768356,9.077669,-19.66739,22.17989
2022-03-02T12:29:54.497655042Z,-5.013051,8.234279,-20.55233,22.70093
2022-03-02T12:29:54.560155917Z,-4.944456,7.236244,-20.73341,22.50967
2022-03-02T12:29:54.622656792Z,-4.990811,5.964528,-20.85132,22.25447
2022-03-02T12:29:54.685157667Z,-4.998328,4.655184,-20.58549,21.68909
2022-03-02T12:29:54.747658542Z,-4.902708,3.33552,-19.99758,20.85822
2022-03-02T12:29:54.810159417Z,-4.855556,2.37834,-19.24603,19.99106
2022-03-02T12:29:54.872660292Z,-4.80446,1.133043,-18.68043,19.32162
2022-03-02T12:29:54.935161167Z,-4.823687,-0.831251,-18.71251,19.3421
2022-03-02T12:29:54.997662042Z,-4.888857,-1.697525,-18.73201,19.43375
2022-03-02T12:29:55.060162917Z,-4.855981,-2.552431,-18.28716,19.0923
2022-03-02T12:29:55.122663792Z,-4.773304,-3.405957,-17.00929,17.99169
2022-03-02T12:29:55.185164667Z,-4.622968,-4.110804,-15.5626,16.74709
2022-03-02T12:29:55.247665542Z,-4.425305,-5.207763,-13.55862,15.18355
2022-03-02T12:29:55.310166417Z,-3.969477,-6.47309,-11.62436,13.88465
2022-03-02T12:29:55.372667292Z,-3.647532,-7.178118,-10.24476,13.03016
2022-03-02T12:29:55.435168167Z,-3.619028,-7.124178,-9.975858,12.78159
2022-03-02T12:29:55.497669042Z,-3.503126,-6.44657,-10.08156,12.46868
2022-03-02T12:29:55.560169917Z,-3.084103,-5.583601,-11.10268,12.8046
2022-03-02T12:29:55.622670792Z,-3.517247,-5.747127,-12.52839,14.22536
2022-03-02T12:29:55.685171667Z,-3.663331,-5.077182,-14.28896,15.60039
2022-03-02T12:29:55.747672542Z,-3.666451,-3.625484,-15.75951,16.58159
2022-03-02T12:29:55.810173417Z,-4.08177,-0.7323323,-16.47532,16.98921
2022-03-02T12:29:55.872674292Z,-4.196549,4.522551,-15.75955,16.92418
2022-03-02T12:29:55.935175167Z,-3.916848,9.845011,-13.74065,17.35141
2022-03-02T12:29:55.997676042Z,-3.305606,15.13096,-9.439133,18.13754
2022-03-02T12:29:56.060176917Z,-2.55023,17.95018,-3.972194,18.56046
2022-03-02T12:29:56.122677792Z,-1.556737,16.96581,2.359891,17.19974
2022-03-02T12:29:56.185178667Z,-0.7946191,14.6702,9.682145,17.59517
2022-03-02T12:29:56.247679542Z,-0.3088904,10.37401,14.21642,17.60177
2022-03-02T12:29:56.310180417Z,0.506161,4.66497,15.67772,16.36487
2022-03-02T12:29:56.372681292Z,1.055364,-0.9768923,15.97396,16.03857
2022-03-02T12:29:56.435182167Z,0.9349841,-5.927797,16.03474,17.12092
2022-03-02T12:29:56.497683042Z,0.233133,-10.73044,14.96148,18.41311
2022-03-02T12:29:56.560183917Z,-0.4621827,-11.98499,12.54986,17.35951
2022-03-02T12:29:56.622684792Z,-0.7386882,-15.0435,8.386889,17.23927
2022-03-02T12:29:56.685185667Z,-1.082249,-14.59197,1.840798,14.74739
2022-03-02T12:29:56.747686542Z,-1.359636,-11.2981,-1.334925,11.45765
2022-03-02T12:29:56.810187417Z,-1.602863,-9.618147,-3.606797,10.39649
2022-03-02T12:29:56.872688292Z,-0.4352664,-6.95369,-3.781015,7.927126
2022-03-02T12:29:56.935189167Z,0.2603818,-6.626839,-1.536948,6.807716
2022-03-02T12:29:56.997690042Z,-2.285531,-7.810019,-1.504329,8.275449
2022-03-02T12:29:57.060190917Z,-4.149419,-5.482493,-2.959787,7.485703
2022-03-02T12:29:57.122691792Z,-3.080022,-2.873821,-1.867032,4.607731
2022-03-02T12:29:57.185192667Z,-2.157266,-1.069281,-0.5313399,2.46566
2022-03-02T12:29:57.247693542Z,-1.878948,-0.885538,0.889728,2.259699
2022-03-02T12:29:57.310194417Z,-1.910763,-3.340696,2.725239,4.715738
2022-03-02T12:29:57.372695292Z,-2.311857,-6.638729,2.384051,7.423012
2022-03-02T12:29:57.435196167Z,-1.509198,-8.075467,0.2809827,8.220085
2022-03-02T12:29:57.497697042Z,-0.1665581,-7.454821,-0.5096857,7.474081
2022-03-02T12:29:57.560197917Z,0.7054178,-7.38759,-0.2999712,7.427253
2022-03-02T12:29:57.622698792Z,1.074317,-7.33467,0.05896986,7.413166
2022-03-02T12:29:57.685199667Z,1.096226,-7.157166,0.24527,7.244784
2022-03-02T12:29:57.747700542Z,1.07897,-7.105671,0.5017261,7.204615
2022-03-02T12:29:57.810201417Z,0.6025252,-7.101807,0.7698953,7.168782
2022-03-02T12:29:57.872702292Z,-0.3534388,-7.533754,0.9341132,7.599667
2022-03-02T12:29:57.935203167Z,-1.887631,-7.744347,0.2571156,7.975223
2022-03-02T12:29:57.997704042Z,-3.394903,-7.14461,-1.355514,8.025475
2022-03-02T12:29:58.060204917Z,-4.236262,-5.144339,-2.880603,7.260029
2022-03-02T12:29:58.122705792Z,-4.320268,-2.82842,-3.717409,6.362688
2022-03-02T12:29:58.185206667Z,-4.075034,-0.8028359,-3.532924,5.452706
2022-03-02T12:29:58.247707542Z,-3.708884,0.5032411,-3.044571,4.824778
2022-03-02T12:29:58.310208417Z,-3.230776,1.256701,-2.550193,4.303567
2022-03-02T12:29:58.372709292Z,-2.645795,1.89119,-1.828268,3.730871
2022-03-02T12:29:58.435210167Z,-2.227575,2.342394,-0.9905401,3.380839
2022-03-02T12:29:58.497711042Z,-2.175848,2.538959,-0.182131,3.348702
2022-03-02T12:29:58.560211917Z,-2.199267,2.54382,0.6353936,3.42221
2022-03-02T12:29:58.622712792Z,-2.495345,2.417619,1.269876,3.699218
2022-03-02T12:29:58.685213667Z,-2.964036,1.658934,1.57126,3.742516
2022-03-02T12:29:58.747714542Z,-2.676603,0.7664962,1.551176,3.187141
2022-03-02T12:29:58.810215417Z,-1.886965,0.2533092,1.794089,2.616019
2022-03-02T12:29:58.872716292Z,-1.381137,-0.3389906,2.730071,3.078269
2022-03-02T12:29:58.935217167Z,-1.179067,-1.644837,4.203951,4.665714
2022-03-02T12:29:58.997718042Z,-0.828858,-3.308025,4.33455,5.515284
2022-03-02T12:29:59.060218917Z,-0.7061667,-3.877877,4.32943,5.854961
2022-03-02T12:29:59.122719792Z,-0.8681054,-4.534724,4.13787,6.199943
2022-03-02T12:29:59.185220667Z,-0.7965562,-5.544903,3.620962,6.670218
2022-03-02T12:29:59.247721542Z,-0.6406587,-6.085126,2.614726,6.654021
2022-03-02T12:29:59.310222417Z,-0.2771717,-6.115768,1.918649,6.415658
2022-03-02T12:29:59.372723292Z,0.3220251,-6.078523,1.439618,6.254969
2022-03-02T12:29:59.435224167Z,0.8728818,-5.607322,1.119609,5.784246
2022-03-02T12:29:59.497725042Z,1.129311,-5.056471,1.206482,5.319665
2022-03-02T12:29:59.560225917Z,1.118529,-4.852072,1.460816,5.18919
2022-03-02T12:29:59.622726792Z,1.261259,-4.467752,1.888063,5.011622
2022-03-02T12:29:59.685227667Z,1.25356,-4.148623,2.392927,4.950614
2022-03-02T12:29:59.747728542Z,1.030831,-4.337601,2.54187,5.132104
2022-03-02T12:29:59.810229417Z,0.8199145,-4.421934,2.432807,5.113151
2022-03-02T12:29:59.872730292Z,0.5574917,-4.073986,2.653504,4.893796
2022-03-02T12:29:59.935231167Z,0.164835,-3.799806,3.039503,4.868704
2022-03-02T12:29:59.997732042Z,-0.3544509,-3.811169,3.180317,4.976451
2022-03-02T12:30:00.060232917Z,-0.7703794,-3.824516,2.886567,4.85311
2022-03-02T12:30:00.122733792Z,-0.9201566,-3.522587,2.209116,4.25858
2022-03-02T12:30:00.185234667Z,-0.9843073,-3.268197,1.857395,3.885858
2022-03-02T12:30:00.247735542Z,-0.9226489,-2.751735,1.775754,3.402445
2022-03-02T12:30:00.310236417Z,-1.047769,-2.228054,2.027877,3.189722
2022-03-02T12:30:00.372737292Z,-1.398528,-2.290993,2.222477,3.484815
2022-03-02T12:30:00.435238167Z,-1.877952,-1.974108,2.099197,3.439539
2022-03-02T12:30:00.497739042Z,-2.614674,-1.772351,1.997656,3.737429
2022-03-02T12:30:00.560239917Z,-3.272515,-1.55851,1.720483,4.012277
2022-03-02T12:30:00.622740792Z,-3.699552,-1.785867,1.207762,4.281904
2022-03-02T12:30:00.685241667Z,-3.384942,-2.358655,0.7184716,4.187754
2022-03-02T12:30:00.747742542Z,-3.192315,-2.435659,0.8334305,4.100965
2022-03-02T12:30:00.810243417Z,-2.853244,-2.753586,0.6471656,4.017718
2022-03-02T12:30:00.872744292Z,-2.120787,-3.07762,0.5700507,3.780798
2022-03-02T12:30:00.935245167Z,-1.657923,-3.112827,1.0751,3.687037
2022-03-02T12:30:00.997746042Z,-1.732631,-3.004949,1.551721,3.799943
2022-03-02T12:30:01.060246917Z,-1.898085,-3.138241,1.813682,4.091544
2022-03-02T12:30:01.122747792Z,-2.147984,-3.44317,2.018979,4.532718
2022-03-02T12:30:01.185248667Z,-2.617456,-3.780126,2.039911,5.030077
2022-03-02T12:30:01.247749542Z,-2.958003,-3.953204,2.031724,5.339054
2022-03-02T12:30:01.310250417Z,-3.460859,-4.28752,2.015903,5.867217
2022-03-02T12:30:01.372751292Z,-3.7758,-4.462204,1.391919,6.008774
2022-03-02T12:30:01.435252167Z,-3.731667,-4.372416,0.8138231,5.805658
2022-03-02T12:30:01.497753042Z,-3.859534,-4.466192,0.5290375,5.926445
2022-03-02T12:30:01.560253917Z,-3.915058,-4.522687,0.3827386,5.99407
2022-03-02T12:30:01.622754792Z,-3.802711,-4.465676,0.103036,5.866301
2022-03-02T12:30:01.685255667Z,-3.583693,-4.109481,-0.1535976,5.454748
2022-03-02T12:30:01.747756542Z,-3.440793,-4.050161,-0.4130754,5.330431
2022-03-02T12:30:01.810257417Z,-3.511299,-4.162137,-0.7043936,5.49079
2022-03-02T12:30:01.872758292Z,-3.501578,-3.802996,-1.093084,5.283811
2022-03-02T12:30:01.935259167Z,-3.45398,-3.363482,-1.462642,5.038086
2022-03-02T12:30:01.997760042Z,-3.209872,-3.068037,-1.24345,4.611106
2022-03-02T12:30:02.060260917Z,-2.915061,-2.745817,-0.2017923,4.009715
2022-03-02T12:30:02.122761792Z,-2.828641,-2.655059,0.9800856,4.001389
2022-03-02T12:30:02.185262667Z,-2.775156,-2.679985,1.722252,4.224921
2022-03-02T12:30:02.247763542Z,-2.806727,-2.968952,2.147309,4.615553
2022-03-02T12:30:02.310264417Z,-3.586358,-3.56658,2.251037,5.53621
2022-03-02T12:30:02.372765292Z,-4.572722,-4.110433,1.817991,6.41175
2022-03-02T12:30:02.435266167Z,-5.671866,-4.155816,0.04021998,7.031535
2022-03-02T12:30:02.497767042Z,-6.156813,-3.424773,-2.265699,7.400595
2022-03-02T12:30:02.560267917Z,-5.768992,-2.117222,-3.921525,7.289874
2022-03-02T12:30:02.622768792Z,-5.137265,-0.8969238,-3.827814,6.469013
2022-03-02T12:30:02.685269667Z,-5.225732,0.04430176,-2.922123,5.987407
2022-03-02T12:30:02.747770542Z,-5.237923,1.158053,-1.550974,5.584125
2022-03-02T12:30:02.810271417Z,-5.171065,1.726006,0.1594824,5.453847
2022-03-02T12:30:02.872772292Z,-5.749495,1.122291,1.274042,5.994949
2022-03-02T12:30:02.935273167Z,-5.926201,-1.057781,0.7184039,6.062579
2022-03-02T12:30:02.997774042Z,-4.434936,-2.32561,0.3117234,5.017398
2022-03-02T12:30:03.060274917Z,-3.676737,-2.573511,0.6965796,4.541649
2022-03-02T12:30:03.122775792Z,-3.380715,-2.679011,0.8963916,4.405662
2022-03-02T12:30:03.185276667Z,-3.460826,-2.697409,1.404442,4.607145
2022-03-02T12:30:03.247777542Z,-3.539432,-2.732991,1.811563,4.824788
2022-03-02T12:30:03.310278417Z,-3.696648,-2.814686,2.003631,5.059862
2022-03-02T12:30:03.372779292Z,-4.097735,-2.802033,1.961521,5.337639
2022-03-02T12:30:03.435280167Z,-4.581589,-2.705711,1.718326,5.591464
2022-03-02T12:30:03.497781042Z,-5.004883,-2.73326,1.248515,5.837667
2022-03-02T12:30:03.560281917Z,-5.289376,-2.89413,0.6950802,6.069318
2022-03-02T12:30:03.622782792Z,-5.324496,-3.160972,-0.1337876,6.193537
2022-03-02T12:30:03.685283667Z,-5.149576,-3.339006,-0.9496514,6.210389
2022-03-02T12:30:03.747784542Z,-4.643756,-3.063099,-1.192713,5.68943
2022-03-02T12:30:03.810285417Z,-4.192793,-2.848129,-1.089964,5.184532
2022-03-02T12:30:03.872786292Z,-3.902173,-3.005746,-1.33335,5.10287
2022-03-02T12:30:03.935287167Z,-3.738973,-3.217607,-0.8525264,5.005968
2022-03-02T12:30:03.997788042Z,-3.595928,-3.224947,-0.3633426,4.843863
2022-03-02T12:30:04.060288917Z,-3.422511,-3.324908,0.2125911,4.776378
2022-03-02T12:30:04.122789792Z,-3.020516,-3.472068,0.800739,4.671184
2022-03-02T12:30:04.185290667Z,-2.814317,-3.495239,1.454817,4.717369
2022-03-02T12:30:04.247791542Z,-2.917257,-3.156427,2.062268,4.767218
2022-03-02T12:30:04.310292417Z,-3.197641,-2.6327,1.968781,4.586079
2022-03-02T12:30:04.372793292Z,-3.572855,-2.504771,1.889947,4.75511
2022-03-02T12:30:04.435294167Z,-3.894196,-2.58872,2.146164,5.14512
2022-03-02T12:30:04.497795042Z,-3.972449,-2.629939,1.764159,5.080274
2022-03-02T12:30:04.560295917Z,-3.646146,-2.533576,1.254623,4.613834
2022-03-02T12:30:04.622796792Z,-3.306663,-1.975646,0.9195606,3.96015
2022-03-02T12:30:04.685297667Z,-3.290743,-1.221093,1.240369,3.722711
2022-03-02T12:30:04.747798542Z,-3.231117,-1.149678,1.503134,3.7445
2022-03-02T12:30:04.810299417Z,-2.968546,-1.212063,1.776149,3.665524
2022-03-02T12:30:04.872800292Z,-2.789632,-0.7529978,2.287194,3.685147
2022-03-02T12:30:04.935301167Z,-2.958511,-0.4352629,2.46212,3.873536
2022-03-02T12:30:04.997802042Z,-3.004016,-0.3196674,2.665079,4.028517
2022-03-02T12:30:05.060302917Z,-2.980907,-0.4288005,2.717434,4.056368
2022-03-02T12:30:05.122803792Z,-2.861579,-0.637192,2.741024,4.01346
2022-03-02T12:30:05.185304667Z,-2.756337,-0.7402387,2.79631,3.995585
2022-03-02T12:30:05.247805542Z,-2.671046,-0.5430778,2.79186,3.901782
2022-03-02T12:30:05.310306417Z,-2.852859,-0.4301501,2.643992,3.913378
2022-03-02T12:30:05.372807292Z,-2.900366,-0.5406973,2.516758,3.877956
2022-03-02T12:30:05.435308167Z,-2.857112,-0.6605489,2.743058,4.015443
2022-03-02T12:30:05.497809042Z,-2.844789,-0.4856238,2.753984,3.989121
2022-03-02T12:30:05.560309917Z,-2.893501,-0.2658325,2.516207,3.843737
2022-03-02T12:30:05.622810792Z,-3.095254,-0.190262,2.666085,4.089597
2022-03-02T12:30:05.685311667Z,-3.270508,-0.686376,2.903247,4.426757
2022-03-02T12:30:05.747812542Z,-3.066156,-1.382093,2.897561,4.439297
2022-03-02T12:30:05.810313417Z,-2.586876,-1.725539,3.091922,4.385133
2022-03-02T12:30:05.872814292Z,-2.109066,-1.970068,3.431726,4.48398
2022-03-02T12:30:05.935315167Z,-1.7403,-1.967075,3.741799,4.571552
2022-03-02T12:30:05.997816042Z,-1.551302,-1.66814,3.961061,4.56938
2022-03-02T12:30:06.060316917Z,-1.565761,-1.410939,4.224214,4.72084
2022-03-02T12:30:06.122817792Z,-1.636808,-1.102349,4.363023,4.788558
2022-03-02T12:30:06.185318667Z,-2.009018,-0.9865484,4.170263,4.732919
2022-03-02T12:30:06.247819542Z,-2.307516,-0.7509851,4.029135,4.70346
2022-03-02T12:30:06.310320417Z,-2.590242,-0.9520222,4.0055,4.864127
2022-03-02T12:30:06.372821292Z,-2.696918,-1.326687,3.888314,4.914515
2022-03-02T12:30:06.435322167Z,-2.315366,-1.756182,3.681328,4.690125
2022-03-02T12:30:06.497823042Z,-1.835248,-2.073234,3.718001,4.635727
2022-03-02T12:30:06.560323917Z,-1.483982,-2.062673,3.957972,4.703441
2022-03-02T12:30:06.622824792Z,-1.36571,-2.001967,4.210451,4.858079
2022-03-02T12:30:06.685325667Z,-1.206104,-1.846404,4.41797,4.93785
2022-03-02T12:30:06.747826542Z,-1.183226,-1.606201,4.67909,5.086628
2022-03-02T12:30:06.810327417Z,-1.455425,-1.54556,4.837859,5.283171
2022-03-02T12:30:06.872828292Z,-1.725287,-1.466087,4.82021,5.325453
2022-03-02T12:30:06.935329167Z,-1.812461,-1.309308,4.811165,5.305337
2022-03-02T12:30:06.997830042Z,-2.053864,-1.548351,4.914013,5.546464
2022-03-02T12:30:07.060330917Z,-2.088183,-1.87324,4.801122,5.560603
2022-03-02T12:30:07.122831792Z,-2.120311,-2.039279,4.679732,5.527592
2022-03-02T12:30:07.185332667Z,-2.027099,-2.43143,4.577571,5.565531
2022-03-02T12:30:07.247833542Z,-1.701914,-2.787607,4.607314,5.647531
2022-03-02T12:30:07.310334417Z,-1.255617,-3.177265,4.964171,6.026158
2022-03-02T12:30:07.372835292Z,-0.822522,-3.345611,5.094929,6.150444
2022-03-02T12:30:07.435336167Z,-0.8001914,-3.170682,5.395255,6.308907
2022-03-02T12:30:07.497837042Z,-1.153478,-3.054449,5.614594,6.494908
2022-03-02T12:30:07.560337917Z,-1.304198,-3.249525,5.288542,6.342635
2022-03-02T12:30:07.622838792Z,-1.209031,-3.360028,4.998816,6.143265
2022-03-02T12:30:07.685339667Z,-1.01473,-3.355637,4.876853,6.006136
2022-03-02T12:30:07.747840542Z,-0.8931878,-3.150208,4.930417,5.918666
2022-03-02T12:30:07.810341417Z,-1.104698,-3.035283,4.943624,5.905313
2022-03-02T12:30:07.872842292Z,-1.121858,-3.094033,4.96523,5.956939
2022-03-02T12:30:07.935343167Z,-1.287007,-3.465303,5.239541,6.412292
2022-03-02T12:30:07.997844042Z,-1.09097,-4.066801,4.93857,6.489881
2022-03-02T12:30:08.060344917Z,-0.4677301,-3.992038,4.736251,6.211861
2022-03-02T12:30:08.122845792Z,-0.1278201,-3.518258,5.065576,6.168836
2022-03-02T12:30:08.185346667Z,-0.04034657,-3.053854,5.488984,6.281448
2022-03-02T12:30:08.247847542Z,-0.2837968,-2.647009,5.766597,6.351444
2022-03-02T12:30:08.310348417Z,-0.7677896,-2.798885,5.94426,6.614944
2022-03-02T12:30:08.372849292Z,-1.05262,-2.997482,5.552257,6.396911
2022-03-02T12:30:08.435350167Z,-1.101836,-2.724614,5.218402,5.989097
2022-03-02T12:30:08.497851042Z,-1.242964,-2.547249,5.306756,6.016236
2022-03-02T12:30:08.560351917Z,-1.607403,-2.535756,4.949809,5.789163
2022-03-02T12:30:08.622852792Z,-1.946438,-2.753908,4.655095,5.748264
2022-03-02T12:30:08.685353667Z,-2.150214,-3.076273,4.351372,5.746417
2022-03-02T12:30:08.747854542Z,-2.159725,-3.414352,4.331692,5.923324
2022-03-02T12:30:08.810355417Z,-1.990718,-3.702586,4.35115,6.050174
2022-03-02T12:30:08.872856292Z,-1.729119,-3.869273,4.565002,6.228994
2022-03-02T12:30:08.935357167Z,-1.488396,-3.954969,4.586423,6.236375
2022-03-02T12:30:08.997858042Z,-1.504724,-3.480151,4.405841,5.812666
2022-03-02T12:30:09.060358917Z,-1.901088,-2.879575,4.370656,5.568547
2022-03-02T12:30:09.122859792Z,-2.316407,-2.857652,4.01634,5.446366
2022-03-02T12:30:09.185360667Z,-2.488048,-3.013807,3.633873,5.336521
2022-03-02T12:30:09.247861542Z,-2.667878,-3.188649,3.656285,5.536558
2022-03-02T12:30:09.310362417Z,-2.7569,-3.612488,3.461297,5.712368
2022-03-02T12:30:09.372863292Z,-2.423906,-3.941923,3.063195,5.549526
2022-03-02T12:30:09.435364167Z,-1.842514,-4.119434,3.106755,5.478734
2022-03-02T12:30:09.497865042Z,-1.358065,-4.288904,3.426213,5.654907
2022-03-02T12:30:09.560365917Z,-0.8118658,-4.427664,3.640862,5.789578
2022-03-02T12:30:09.622866792Z,-0.4670873,-3.959476,3.746098,5.470728
2022-03-02T12:30:09.685367667Z,-0.653693,-3.325909,4.105024,5.323552
2022-03-02T12:30:09.747868542Z,-1.269902,-3.246686,4.126873,5.402286
2022-03-02T12:30:09.810369417Z,-1.901311,-3.306107,3.978186,5.511015
2022-03-02T12:30:09.872870292Z,-2.222049,-3.565191,3.873164,5.713973
2022-03-02T12:30:09.935371167Z,-2.36585,-4.010016,3.819715,6.022268
2022-03-02T12:30:09.997872042Z,-2.096541,-4.196808,3.577513,5.89977
2022-03-02T12:30:10.060372917Z,-1.944393,-3.824101,3.751556,5.698999
2022-03-02T12:30:10.122873792Z,-2.170597,-3.432934,3.888058,5.62259
2022-03-02T12:30:10.185374667Z,-2.714631,-3.035634,3.85509,5.607675
2022-03-02T12:30:10.247875542Z,-3.226429,-2.911105,3.612051,5.650778
2022-03-02T12:30:10.310376417Z,-3.369893,-2.99231,3.246577,5.554309
2022-03-02T12:30:10.372877292Z,-3.427601,-2.768969,3.024488,5.344452
2022-03-02T12:30:10.435378167Z,-3.396896,-2.537155,2.846305,5.106615
2022-03-02T12:30:10.497879042Z,-3.377216,-2.242217,2.768805,4.909114
2022-03-02T12:30:10.560379917Z,-3.589406,-1.92532,2.736508,4.907053
2022-03-02T12:30:10.622880792Z,-3.972311,-1.756467,2.667063,5.096828
2022-03-02T12:30:10.685381667Z,-4.093598,-1.938935,2.532145,5.189293
2022-03-02T12:30:10.747882542Z,-3.787164,-2.212031,2.689297,5.144707
2022-03-02T12:30:10.810383417Z,-3.355247,-2.634685,3.046817,5.24236
2022-03-02T12:30:10.872884292Z,-2.644934,-3.19389,3.312933,5.307742
2022-03-02T12:30:10.935385167Z,-2.031207,-3.293802,3.707443,5.35911
2022-03-02T12:30:10.997886042Z,-1.611736,-3.33286,4.007228,5.455595
2022-03-02T12:30:11.060386917Z,-1.445982,-3.355456,4.408251,5.725612
2022-03-02T12:30:11.122887792Z,-1.503049,-3.419789,4.723257,6.021899
2022-03-02T12:30:11.185388667Z,-1.675376,-3.739201,4.59657,6.157676
2022-03-02T12:30:11.247889542Z,-1.673864,-3.751556,4.357406,5.988571
2022-03-02T12:30:11.310390417Z,-1.580515,-3.814634,4.302432,5.963252
2022-03-02T12:30:11.372891292Z,-1.381688,-3.85404,4.22853,5.885844
2022-03-02T12:30:11.435392167Z,-1.216274,-3.796112,4.382868,5.924468
2022-03-02T12:30:11.497893042Z,-1.429847,-3.731014,4.613371,6.103124
2022-03-02T12:30:11.560393917Z,-1.604585,-3.766658,4.555053,6.124615
2022-03-02T12:30:11.622894792Z,-1.75723,-3.817728,4.39822,6.083358
2022-03-02T12:30:11.685395667Z,-2.006637,-3.716752,4.138152,5.913133
2022-03-02T12:30:11.747896542Z,-2.036936,-3.62885,3.879603,5.689375
2022-03-02T12:30:11.810397417Z,-2.044655,-3.472558,3.708228,5.476333
2022-03-02T12:30:11.872898292Z,-2.0336,-3.41121,3.59083,5.354058
2022-03-02T12:30:11.935399167Z,-1.7674,-3.264317,3.570713,5.150676
2022-03-02T12:30:11.997900042Z,-1.359823,-3.107606,3.822167,5.110313
2022-03-02T12:30:12.060400917Z,-0.9901475,-2.869793,4.286219,5.252407
2022-03-02T12:30:12.122901792Z,-0.8051423,-2.622281,4.785385,5.515842
2022-03-02T12:30:12.185402667Z,-0.8213519,-2.645751,5.163518,5.859738
2022-03-02T12:30:12.247903542Z,-1.043433,-2.83744,5.352811,6.147553
2022-03-02T12:30:12.310404417Z,-1.164928,-3.314726,5.318603,6.374323
2022-03-02T12:30:12.372905292Z,-1.223822,-3.84653,5.193285,6.577518
2022-03-02T12:30:12.435406167Z,-1.197847,-4.462822,4.798093,6.66133
2022-03-02T12:30:12.497907042Z,-1.077026,-4.596966,4.46669,6.499493
2022-03-02T12:30:12.560407917Z,-1.082043,-4.537356,4.328878,6.363773
2022-03-02T12:30:12.622908792Z,-1.025694,-4.511852,4.202742,6.250751
2022-03-02T12:30:12.685409667Z,-0.8278283,-4.225205,4.110466,5.952612
2022-03-02T12:30:12.747910542Z,-0.7613384,-3.805265,4.298836,5.791345
2022-03-02T12:30:12.810411417Z,-0.9292518,-3.229999,4.557847,5.663071
2022-03-02T12:30:12.872912292Z,-1.071071,-2.820225,4.612216,5.511207
2022-03-02T12:30:12.935413167Z,-1.000966,-2.545657,4.704695,5.442101
2022-03-02T12:30:12.997914042Z,-0.841245,-2.357998,4.87629,5.481428
2022-03-02T12:30:13.060414917Z,-0.6100127,-2.139965,5.086353,5.551806
2022-03-02T12:30:13.122915792Z,-0.6056052,-1.958989,5.35182,5.731176
2022-03-02T12:30:13.185416667Z,-0.8574688,-1.840053,5.582275,5.939936
2022-03-02T12:30:13.247917542Z,-1.112991,-1.970526,5.688318,6.121984
2022-03-02T12:30:13.310418417Z,-1.534329,-2.116408,5.444881,6.039874
2022-03-02T12:30:13.372919292Z,-1.848373,-2.223516,5.025195,5.79768
2022-03-02T12:30:13.435420167Z,-2.099511,-2.541892,4.840125,5.856276
2022-03-02T12:30:13.497921042Z,-2.127383,-2.928498,4.64313,5.887318
2022-03-02T12:30:13.560421917Z,-2.14886,-3.43345,4.502912,6.056599
2022-03-02T12:30:13.622922792Z,-2.179212,-3.982781,3.990816,6.044677
2022-03-02T12:30:13.685423667Z,-1.896386,-4.225913,3.528079,5.822539
2022-03-02T12:30:13.747924542Z,-1.482989,-4.013369,3.476091,5.512676
2022-03-02T12:30:13.810425417Z,-1.076809,-3.580638,3.838085,5.358301
2022-03-02T12:30:13.872926292Z,-0.9509311,-3.183693,4.244195,5.390118
2022-03-02T12:30:13.935427167Z,-1.048295,-2.817102,4.508208,5.418388
2022-03-02T12:30:13.997928042Z,-1.162476,-2.518638,4.768845,5.516953
2022-03-02T12:30:14.060428917Z,-1.137234,-2.310869,4.760696,5.41273
2022-03-02T12:30:14.122929792Z,-1.186755,-2.124743,4.864002,5.438882
2022-03-02T12:30:14.185430667Z,-1.188522,-2.273509,5.072052,5.683937
2022-03-02T12:30:14.247931542Z,-1.126475,-2.367926,5.091838,5.727376
2022-03-02T12:30:14.310432417Z,-1.182296,-2.269979,5.16503,5.764387
2022-03-02T12:30:14.372933292Z,-1.341498,-2.238469,5.054953,5.68884
2022-03-02T12:30:14.435434167Z,-1.438616,-1.917316,4.894529,5.449966
2022-03-02T12:30:14.497935042Z,-1.458659,-1.705266,4.990205,5.471542
2022-03-02T12:30:14.560435917Z,-1.451088,-1.394757,5.020093,5.408543
2022-03-02T12:30:14.622936792Z,-1.684953,-1.07841,4.88339,5.277266
2022-03-02T12:30:14.685437667Z,-1.633773,-0.7762072,4.497783,4.847862
2022-03-02T12:30:14.747938542Z,-1.206466,-0.1563184,4.467832,4.630498
2022-03-02T12:30:14.810439417Z,-0.8871653,0.7294962,4.902229,5.034985
2022-03-02T12:30:14.872940292Z,-0.5949259,1.268708,5.634539,5.806168
2022-03-02T12:30:14.935441167Z,-0.3753501,1.61251,6.357573,6.569612
2022-03-02T12:30:14.997942042Z,-0.6054007,1.318531,6.967878,7.117328
2022-03-02T12:30:15.060442917Z,-0.8539335,0.6175751,6.817997,6.898962
2022-03-02T12:30:15.122943792Z,-0.8979563,0.3822514,6.40905,6.482929
2022-03-02T12:30:15.185444667Z,-0.9137811,0.04767957,6.292712,6.358891
2022-03-02T12:30:15.247945542Z,-0.8529661,-0.320539,6.224309,6.290654
2022-03-02T12:30:15.310446417Z,-0.8114116,-0.4751844,6.087782,6.159974
2022-03-02T12:30:15.372947292Z,-1.050131,-0.5602304,5.873933,5.993306
2022-03-02T12:30:15.435448167Z,-1.337211,-0.5949604,5.541707,5.731721
2022-03-02T12:30:15.497949042Z,-1.552893,-0.7774036,5.190412,5.473227
2022-03-02T12:30:15.560449917Z,-1.66315,-0.9092841,4.828452,5.187178
2022-03-02T12:30:15.622950792Z,-1.477752,-0.7690905,4.78336,5.065155
2022-03-02T12:30:15.685451667Z,-1.226697,-0.5624953,4.858074,5.04203
2022-03-02T12:30:15.747952542Z,-0.9872695,-0.4305323,4.936604,5.052734
2022-03-02T12:30:15.810453417Z,-0.7753527,-0.1381626,5.045978,5.107069
2022-03-02T12:30:15.872954292Z,-0.5660681,0.03806645,5.141311,5.172519
2022-03-02T12:30:15.935455167Z,-0.501467,0.09184628,5.257089,5.28175
2022-03-02T12:30:15.997956042Z,-0.4641306,0.02371823,5.307291,5.3276
2022-03-02T12:30:16.060456917Z,-0.4095394,0.06492576,5.347933,5.363984
2022-03-02T12:30:16.122957792Z,-0.367255,0.1417516,5.600578,5.614396
2022-03-02T12:30:16.185458667Z,-0.2962752,-0.1533611,5.68703,5.696807
2022-03-02T12:30:16.247959542Z,-0.1094043,-0.1636693,5.491637,5.495164
2022-03-02T12:30:16.310460417Z,-0.1339066,0.1538536,5.332531,5.336431
2022-03-02T12:30:16.372961292Z,-0.2936642,0.5750971,5.161067,5.201306
2022-03-02T12:30:16.435462167Z,-0.3384986,1.195874,5.045063,5.195898
2022-03-02T12:30:16.497963042Z,-0.1074296,1.639798,5.034806,5.296202
2022-03-02T12:30:16.560463917Z,0.1255012,1.963105,5.155768,5.518286
2022-03-02T12:30:16.622964792Z,0.2647459,2.147955,5.475793,5.887963
2022-03-02T12:30:16.685465667Z,0.4114744,1.951001,5.95437,6.279351
2022-03-02T12:30:16.747966542Z,0.5032036,1.2177,6.165406,6.304621
2022-03-02T12:30:16.810467417Z,0.4719802,0.4804115,5.732542,5.771966
2022-03-02T12:30:16.872968292Z,0.3081309,0.02371555,5.143761,5.153037
2022-03-02T12:30:16.935469167Z,0.2014151,0.1542564,4.556762,4.563819
2022-03-02T12:30:16.997970042Z,-0.1443345,0.6458271,4.180835,4.232884
2022-03-02T12:30:17.060470917Z,-0.7458086,1.287407,3.579606,3.876496
2022-03-02T12:30:17.122971792Z,-0.9560004,2.341347,2.964716,3.896843
2022-03-02T12:30:17.185472667Z,-0.8715849,3.212214,3.070341,4.528242
2022-03-02T12:30:17.247973542Z,-0.6613976,3.405338,3.478538,4.912637
2022-03-02T12:30:17.310474417Z,-0.4840779,3.16808,3.787025,4.961111
2022-03-02T12:30:17.372975292Z,-0.2594931,3.061405,3.923448,4.983271
2022-03-02T12:30:17.435476167Z,-0.04858822,3.065677,4.278229,5.263457
2022-03-02T12:30:17.497977042Z,-0.04218116,2.751231,4.681813,5.430509
2022-03-02T12:30:17.560477917Z,-0.1893158,2.156878,4.816882,5.281128
2022-03-02T12:30:17.622978792Z,-0.2192458,1.802529,4.670117,5.010706
2022-03-02T12:30:17.685479667Z,-0.2727076,1.520316,4.529449,4.785565
2022-03-02T12:30:17.747980542Z,-0.362594,1.304765,4.415508,4.618506
2022-03-02T12:30:17.810481417Z,-0.4305186,1.215306,4.259429,4.450287
2022-03-02T12:30:17.872982292Z,-0.6176612,1.021873,4.04849,4.220901
2022-03-02T12:30:17.935483167Z,-0.72271,0.8693562,3.868846,4.03064
2022-03-02T12:30:17.997984042Z,-0.7424589,0.7434274,3.816618,3.958599
2022-03-02T12:30:18.060484917Z,-0.6681437,0.7900041,3.659572,3.803024
2022-03-02T12:30:18.122985792Z,-0.5111783,0.8408218,3.519003,3.653993
2022-03-02T12:30:18.185486667Z,-0.3939015,0.8268312,3.453436,3.572818
2022-03-02T12:30:18.247987542Z,-0.1737452,0.8513659,3.429104,3.53748
2022-03-02T12:30:18.310488417Z,-0.06254459,0.9993655,3.505304,3.645518
2022-03-02T12:30:18.372989292Z,-0.1512405,1.020124,3.625529,3.769349
2022-03-02T12:30:18.435490167Z,-0.1518995,1.065672,3.634608,3.79066
2022-03-02T12:30:18.497991042Z,-0.2044159,1.055959,3.585748,3.743584
2022-03-02T12:30:18.560491917Z,-0.2902211,1.01359,3.495616,3.651154
2022-03-02T12:30:18.622992792Z,-0.3951971,1.017147,3.444447,3.613168
2022-03-02T12:30:18.685493667Z,-0.5363354,0.9604096,3.458283,3.629017
2022-03-02T12:30:18.747994542Z,-0.7756762,0.8121034,3.381578,3.563181
2022-03-02T12:30:18.810495417Z,-0.9333239,0.7248846,3.204671,3.415621
2022-03-02T12:30:18.872996292Z,-0.9529034,0.6688703,3.127452,3.33712
2022-03-02T12:30:18.935497167Z,-0.9620908,0.5260773,3.072268,3.262086
2022-03-02T12:30:18.997998042Z,-0.9665887,0.4824784,2.871837,3.06831
2022-03-02T12:30:19.060498917Z,-0.9367057,0.6263959,2.669209,2.897321
2022-03-02T12:30:19.122999792Z,-0.9919696,0.6824163,2.474089,2.751511
2022-03-02T12:30:19.185500667Z,-1.124978,0.5807658,2.237588,2.570927
2022-03-02T12:30:19.248001542Z,-1.145405,0.5638843,1.99017,2.364465
2022-03-02T12:30:19.310502417Z,-1.103529,0.6356872,1.850991,2.246785
2022-03-02T12:30:19.373003292Z,-1.085697,0.6828988,1.735652,2.158142
2022-03-02T12:30:19.435504167Z,-1.159167,0.732116,1.594706,2.103034
2022-03-02T12:30:19.498005042Z,-1.250363,0.7275287,1.427513,2.032362
2022-03-02T12:30:19.560505917Z,-1.375647,0.6624867,1.20963,1.947947
2022-03-02T12:30:19.623006792Z,-1.440125,0.715906,0.970846,1.87857
2022-03-02T12:30:19.685507667Z,-1.474259,0.9180251,0.7162542,1.878624
2022-03-02T12:30:19.748008542Z,-1.407224,1.110475,0.5619425,1.87862
2022-03-02T12:30:19.810509417Z,-1.339821,1.163327,0.6453558,1.888103
2022-03-02T12:30:19.873010292Z,-1.29721,0.9509303,0.7944129,1.79391
2022-03-02T12:30:19.935511167Z,-1.273464,0.7404971,0.7201295,1.639706
2022-03-02T12:30:19.998012042Z,-1.337951,0.7121603,0.5120206,1.599828
2022-03-02T12:30:20.060512917Z,-1.425528,0.7003276,0.3718559,1.631216
2022-03-02T12:30:20.123013792Z,-1.454051,0.7065336,0.3426402,1.65253
2022-03-02T12:30:20.185514667Z,-1.449382,0.7204381,0.3933116,1.665663
2022-03-02T12:30:20.248015542Z,-1.36393,0.6328027,0.5735983,1.609273
2022-03-02T12:30:20.310516417Z,-1.329648,0.4327327,0.7142432,1.570148
2022-03-02T12:30:20.373017292Z,-1.312372,0.2439191,0.6799468,1.498047
2022-03-02T12:30:20.435518167Z,-1.257997,0.1483548,0.6353253,1.417111
2022-03-02T12:30:20.498019042Z,-1.235744,0.1209587,0.6862491,1.418672
2022-03-02T12:30:20.560519917Z,-1.218595,0.03790281,0.7746504,1.44447
2022-03-02T12:30:20.623020792Z,-1.181129,-0.0001113976,0.8295665,1.443346
2022-03-02T12:30:20.685521667Z,-1.163927,-0.04213438,0.8643806,1.450398
2022-03-02T12:30:20.748022542Z,-1.181544,-0.09963515,0.8837287,1.478834
2022-03-02T12:30:20.810523417Z,-1.231239,-0.2018213,0.9201644,1.550285
2022-03-02T12:30:20.873024292Z,-1.230052,-0.1721575,0.9803291,1.582312
2022-03-02T12:30:20.935525167Z,-1.239285,-0.127407,0.9497757,1.566567
2022-03-02T12:30:20.998026042Z,-1.275616,-0.1580517,0.9354959,1.589757
2022-03-02T12:30:21.060526917Z,-1.293762,-0.1442114,0.9884155,1.634498
2022-03-02T12:30:21.123027792Z,-1.382325,-0.138133,0.9777764,1.698808
2022-03-02T12:30:21.185528667Z,-1.41504,-0.180928,1.010437,1.748158
2022-03-02T12:30:21.248029542Z,-1.422818,-0.1800347,1.010252,1.754261
2022-03-02T12:30:21.310530417Z,-1.461145,-0.1673736,0.9586911,1.755576
2022-03-02T12:30:21.373031292Z,-1.495383,-0.185719,0.9415948,1.776869
2022-03-02T12:30:21.435532167Z,-1.523235,-0.1891725,0.9163479,1.787659
2022-03-02T12:30:21.498033042Z,-1.5284,-0.2197956,0.8601537,1.767535
2022-03-02T12:30:21.560533917Z,-1.548321,-0.2459688,0.8189883,1.768768
2022-03-02T12:30:21.623034792Z,-1.590943,-0.230461,0.758718,1.777601
2022-03-02T12:30:21.685535667Z,-1.573601,-0.2422549,0.711597,1.743926
2022-03-02T12:30:21.748036542Z,-1.593916,-0.2946543,0.6821299,1.758605
2022-03-02T12:30:21.810537417Z,-1.574735,-0.3331783,0.6576152,1.738751
2022-03-02T12:30:21.873038292Z,-1.534581,-0.357045,0.6180001,1.692437
2022-03-02T12:30:21.935539167Z,-1.527593,-0.4104424,0.5668001,1.680257
2022-03-02T12:30:21.998040042Z,-1.549832,-0.4245639,0.5240048,1.690211
2022-03-02T12:30:22.060540917Z,-1.589286,-0.4760723,0.4555098,1.720454
2022-03-02T12:30:22.123041792Z,-1.628021,-0.5093308,0.3389697,1.739187
2022-03-02T12:30:22.185542667Z,-1.638201,-0.5227996,0.2341082,1.735462
2022-03-02T12:30:22.248043542Z,-1.63588,-0.5483298,0.1263023,1.729949
2022-03-02T12:30:22.310544417Z,-1.656018,-0.6002246,0.03557931,1.761798
2022-03-02T12:30:22.373045292Z,-1.680305,-0.6582254,-0.03684189,1.805005
2022-03-02T12:30:22.435546167Z,-1.658542,-0.7540567,-0.1246611,1.826172
2022-03-02T12:30:22.498047042Z,-1.667242,-0.8703394,-0.2279871,1.894509
2022-03-02T12:30:22.560547917Z,-1.706945,-0.9765286,-0.3101046,1.990838
2022-03-02T12:30:22.623048792Z,-1.735281,-1.050185,-0.4175887,2.070862
2022-03-02T12:30:22.685549667Z,-1.690685,-1.129975,-0.5265968,2.10061
2022-03-02T12:30:22.748050542Z,-1.676434,-1.241296,-0.5526047,2.15792
2022-03-02T12:30:22.810551417Z,-1.699834,-1.303926,-0.6219081,2.23079
2022-03-02T12:30:22.873052292Z,-1.731882,-1.362746,-0.7600438,2.331128
2022-03-02T12:30:22.935553167Z,-1.683442,-1.460922,-0.8945912,2.401784
2022-03-02T12:30:22.998054042Z,-1.644117,-1.594023,-0.9263093,2.470239
2022-03-02T12:30:23.060554917Z,-1.721284,-1.723534,-0.9194571,2.603611
2022-03-02T12:30:23.123055792Z,-1.785752,-1.771914,-1.01805,2.713856
2022-03-02T12:30:23.185556667Z,-1.781371,-1.837378,-1.129177,2.797192
2022-03-02T12:30:23.248057542Z,-1.842648,-1.908378,-1.274464,2.943045
2022-03-02T12:30:23.310558417Z,-1.92063,-1.955028,-1.467708,3.108878
2022-03-02T12:30:23.373059292Z,-1.866773,-2.05412,-1.704021,3.256983
2022-03-02T12:30:23.435560167Z,-1.660803,-2.333528,-1.765616,3.364672
2022-03-02T12:30:23.498061042Z,-1.969603,-2.402905,-1.606175,3.497583
2022-03-02T12:30:23.560561917Z,-1.943395,-2.276026,-2.016454,3.608762
2022-03-02T12:30:23.623062792Z,-1.772408,-2.615057,-1.955437,3.715332
2022-03-02T12:30:23.685563667Z,-2.06951,-2.614716,-1.995164,3.885909
2022-03-02T12:30:23.748064542Z,-1.857624,-2.69794,-2.382035,4.050153
2022-03-02T12:30:23.810565417Z,-1.846788,-3.063731,-2.297683,4.251637
2022-03-02T12:30:23.873066292Z,-2.001655,-2.976363,-2.417,4.325187
2022-03-02T12:30:23.935567167Z,-1.784287,-3.211484,-2.513538,4.451425
2022-03-02T12:30:23.998068042Z,-1.95112,-3.197052,-2.420321,4.459368
2022-03-02T12:30:24.060568917Z,-1.906749,-3.333559,-2.639751,4.660107
2022-03-02T12:30:24.123069792Z,-1.885244,-3.591785,-2.698571,4.872099
2022-03-02T12:30:24.185570667Z,-1.835219,-3.712718,-2.785225,4.99097
2022-03-02T12:30:24.248071542Z,-1.754716,-3.857236,-2.793425,5.075482
2022-03-02T12:30:24.310572417Z,-1.697895,-4.006538,-2.722574,5.132992
2022-03-02T12:30:24.373073292Z,-1.678246,-4.219011,-2.671846,5.268332
2022-03-02T12:30:24.435574167Z,-1.707904,-4.396934,-2.635749,5.403438
2022-03-02T12:30:24.498075042Z,-1.740622,-4.541595,-2.650493,5.53904
2022-03-02T12:30:24.560575917Z,-1.805825,-4.706051,-2.606839,5.674816
2022-03-02T12:30:24.623076792Z,-1.81155,-4.783221,-2.596613,5.736141
2022-03-02T12:30:24.685577667Z,-1.789858,-4.86839,-2.450258,5.7366
2022-03-02T12:30:24.748078542Z,-1.809482,-4.889572,-2.321018,5.706949
2022-03-02T12:30:24.810579417Z,-1.823385,-4.902103,-2.18405,5.667929
2022-03-02T12:30:24.873080292Z,-1.843509,-4.80563,-1.995848,5.520508
2022-03-02T12:30:24.935581167Z,-1.782183,-4.642856,-1.749219,5.271817
2022-03-02T12:30:24.998082042Z,-1.733315,-4.505356,-1.381208,5.020991
2022-03-02T12:30:25.060582917Z,-1.674141,-4.242021,-0.9721776,4.662898
2022-03-02T12:30:25.123083792Z,-1.572816,-3.918794,-0.4469991,4.246234
2022-03-02T12:30:25.185584667Z,-1.395959,-3.614194,0.294554,3.885597
2022-03-02T12:30:25.248085542Z,-1.156506,-3.267506,1.31492,3.707171
2022-03-02T12:30:25.310586417Z,-0.9809318,-2.718462,2.335744,3.715907
2022-03-02T12:30:25.373087292Z,-0.8324421,-2.220797,3.014659,3.835762
2022-03-02T12:30:25.435588167Z,-0.7646722,-2.023682,3.280048,3.929214
2022-03-02T12:30:25.498089042Z,-0.748095,-1.932328,3.407455,3.988018
2022-03-02T12:30:25.560589917Z,-0.6973841,-1.891621,3.462094,4.006329
2022-03-02T12:30:25.623090792Z,-0.7334254,-2.001492,3.335769,3.958691
2022-03-02T12:30:25.685591667Z,-0.7145368,-2.173052,3.170696,3.909736
2022-03-02T12:30:25.748092542Z,-0.7809615,-2.335008,2.963807,3.853091
2022-03-02T12:30:25.810593417Z,-0.8659571,-2.455366,2.693773,3.746347
2022-03-02T12:30:25.873094292Z,-0.8889794,-2.584609,2.410805,3.644512
2022-03-02T12:30:25.935595167Z,-0.9613805,-2.635745,2.122974,3.518298
2022-03-02T12:30:25.998096042Z,-1.084714,-2.721941,1.844378,3.462268
2022-03-02T12:30:26.060596917Z,-1.174646,-2.778158,1.594891,3.411984
2022-03-02T12:30:26.123097792Z,-1.240088,-2.782204,1.3358,3.326085
2022-03-02T12:30:26.185598667Z,-1.328424,-2.774307,1.055968,3.252163
2022-03-02T12:30:26.248099542Z,-1.441006,-2.765467,0.6920661,3.194254
2022-03-02T12:30:26.310600417Z,-1.56662,-2.71927,0.4114216,3.165122
2022-03-02T12:30:26.373101292Z,-1.73158,-2.638815,0.1079522,3.158064
2022-03-02T12:30:26.435602167Z,-1.865772,-2.524899,-0.1774348,3.144471
2022-03-02T12:30:26.498103042Z,-2.022046,-2.359881,-0.3932074,3.132463
2022-03-02T12:30:26.560603917Z,-2.130742,-2.157595,-0.6634372,3.104099
2022-03-02T12:30:26.623104792Z,-2.201684,-2.04305,-0.87052,3.127182
2022-03-02T12:30:26.685605667Z,-2.343081,-1.839913,-1.046398,3.157571
2022-03-02T12:30:26.748106542Z,-2.489205,-1.57065,-1.217262,3.185092
2022-03-02T12:30:26.810607417Z,-2.585664,-1.314867,-1.485885,3.259201
2022-03-02T12:30:26.873108292Z,-2.651297,-0.9947329,-1.656081,3.280469
2022-03-02T12:30:26.935609167Z,-2.72382,-0.6609942,-1.785808,3.323435
2022-03-02T12:30:26.998110042Z,-2.766542,-0.3108986,-1.847114,3.340994
2022-03-02T12:30:27.060610917Z,-2.797791,0.05361421,-1.89825,3.3814
2022-03-02T12:30:27.123111792Z,-2.799017,0.4434296,-1.90012,3.411976
2022-03-02T12:30:27.185612667Z,-2.745659,0.8031726,-1.845923,3.404579
2022-03-02T12:30:27.248113542Z,-2.668194,1.156969,-1.720806,3.379203
2022-03-02T12:30:27.310614417Z,-2.5973,1.453067,-1.574025,3.366738
2022-03-02T12:30:27.373115292Z,-2.521315,1.718557,-1.359066,3.340289
2022-03-02T12:30:27.435616167Z,-2.424023,1.907188,-1.075652,3.266539
2022-03-02T12:30:27.498117042Z,-2.367107,2.055081,-0.8178703,3.239671
2022-03-02T12:30:27.560617917Z,-2.316243,2.152272,-0.55046,3.209402
2022-03-02T12:30:27.623118792Z,-2.23061,2.186033,-0.3391122,3.141553
2022-03-02T12:30:27.685619667Z,-2.047784,2.151564,-0.1239939,2.97288
2022-03-02T12:30:27.748120542Z,-1.852073,2.11552,0.04217659,2.812006
2022-03-02T12:30:27.810621417Z,-1.727246,2.082858,0.2205721,2.714835
2022-03-02T12:30:27.873122292Z,-1.626574,2.05583,0.4506997,2.659946
2022-03-02T12:30:27.935623167Z,-1.676687,1.841438,0.6443146,2.572414
2022-03-02T12:30:27.998124042Z,-1.804648,1.564636,0.6345032,2.471322
2022-03-02T12:30:28.060624917Z,-1.873182,1.483285,0.4903702,2.439141
2022-03-02T12:30:28.123125792Z,-1.935783,1.458894,0.3596342,2.450503
2022-03-02T12:30:28.185626667Z,-2.011544,1.348887,0.2774381,2.437782
2022-03-02T12:30:28.248127542Z,-2.056951,1.272266,0.09069888,2.420317
2022-03-02T12:30:28.310628417Z,-2.041067,1.271803,-0.1824522,2.411789
2022-03-02T12:30:28.373129292Z,-2.016248,1.32173,-0.3447393,2.435379
2022-03-02T12:30:28.435630167Z,-1.991865,1.462752,-0.328518,2.493009
2022-03-02T12:30:28.498131042Z,-1.985618,1.615332,-0.2490093,2.571767
2022-03-02T12:30:28.560631917Z,-2.030446,1.722694,-0.1613792,2.667664
2022-03-02T12:30:28.623132792Z,-2.092151,1.827265,-0.1080534,2.779869
2022-03-02T12:30:28.685633667Z,-2.090496,1.895707,-0.04489195,2.822392
2022-03-02T12:30:28.748134542Z,-2.006094,1.965899,0.02181691,2.808852
2022-03-02T12:30:28.810635417Z,-1.897146,2.072906,0.136274,2.813303
2022-03-02T12:30:28.873136292Z,-1.880065,2.202655,0.2314062,2.905148
2022-03-02T12:30:28.935637167Z,-1.793577,2.32978,0.2474054,2.950593
2022-03-02T12:30:28.998138042Z,-1.619987,2.348296,0.2706622,2.865678
2022-03-02T12:30:29.060638917Z,-1.509396,2.237474,0.4753258,2.740529
2022-03-02T12:30:29.123139792Z,-1.439842,2.095347,0.7397843,2.647812
2022-03-02T12:30:29.185640667Z,-1.392981,2.001062,0.8462019,2.580833
2022-03-02T12:30:29.248141542Z,-1.411514,1.961397,0.8651361,2.566692
2022-03-02T12:30:29.310642417Z,-1.497073,1.79877,0.9256688,2.516677
2022-03-02T12:30:29.373143292Z,-1.607763,1.733072,0.9877582,2.562051
2022-03-02T12:30:29.435644167Z,-1.641882,1.629871,1.105488,2.564052
2022-03-02T12:30:29.498145042Z,-1.576658,1.477448,1.159154,2.452008
2022-03-02T12:30:29.560645917Z,-1.503362,1.374529,1.219126,2.373962
2022-03-02T12:30:29.623146792Z,-1.432869,1.319946,1.281944,2.332113
2022-03-02T12:30:29.685647667Z,-1.397058,1.21685,1.342882,2.288193
2022-03-02T12:30:29.748148542Z,-1.385355,1.113098,1.332638,2.221288
2022-03-02T12:30:29.810649417Z,-1.475385,1.031451,1.33032,2.238393
2022-03-02T12:30:29.873150292Z,-1.460266,0.8362527,1.276314,2.112031
2022-03-02T12:30:29.935651167Z,-1.371837,0.708318,1.236315,1.97791
2022-03-02T12:30:29.998152042Z,-1.432328,0.5632564,1.292279,2.009678
